{
	"format_version": "1.12.0",
	"minecraft:geometry": [
		{
			"description": {
				"identifier": "geometry.knkn",
				"texture_width": 48,
				"texture_height": 48,
				"visible_bounds_width": 3,
				"visible_bounds_height": 2.5,
				"visible_bounds_offset": [0, 0.75, 0]
			},
			"bones": [
				{
					"name": "bb_main",
					"pivot": [0, 0, 0],
					"cubes": [
						{"origin": [-1.64511, -0.66765, -0.48065], "size": [6, 4, 1], "pivot": [0.7, 1.33235, 0.01935], "rotation": [167.5, 0, -180], "uv": [-1, 4]},
						{"origin": [-0.62464, -0.57194, -8.5], "size": [1, 10, 16], "pivot": [-0.12464, 4.42806, -0.5], "rotation": [-89.99999, -80, 89.99999], "uv": [0, 0]}
					]
				}
			]
		}
	]
}