{
  "resource_pack_name": "syakai",
  "texture_name":"atlas.items",
  "texture_data":{
    "stn":{
      "textures":"textures/items/stn"
    },
    "ttkunu":{
      "textures":"textures/items/ttkunu"
    },
    "jet":{
      "textures":"textures/items/jet"
    },
    "wp":{
      "textures":"textures/items/wp"
    },
    "wp-tmp":{
      "textures":"textures/items/wp"
    },
    "ping":{
      "textures":"textures/items/ping"
    },
    "hk":{
      "textures":"textures/items/hk"
    },
    "add":{
      "textures":"textures/items/add"
    },
    "remove":{
      "textures":"textures/items/remove"
    }
  }
}